<assembly	xmlns="http://maven.apache.org/plugins/maven-assembly-plugin/assembly/1.1.2" 
		xmlns:xsi="http://www.w3.org/2001/XMLSchema-instance"
		xsi:schemaLocation="http://maven.apache.org/plugins/maven-assembly-plugin/assembly/1.1.2 http://maven.apache.org/xsd/assembly-1.1.2.xsd">

	<id>dist</id>
	<formats><format>zip</format></formats>
	<includeBaseDirectory>false</includeBaseDirectory>
	<fileSets>
		<fileSet>
			<directory>../java-api/target</directory>
			<includes><include>*.jar</include></includes>
			<filtered>true</filtered>
			<outputDirectory>.</outputDirectory>
		</fileSet>
		<fileSet>
			<directory>../js-api/target</directory>
			<includes><include>cnscx-api.js</include></includes>
			<outputDirectory>.</outputDirectory>
		</fileSet>
		<fileSet>
			<directory>..</directory>
			<includes><include>READ.ME</include></includes>
			<outputDirectory>.</outputDirectory>
		</fileSet>
	</fileSets>
</assembly>